--
-- Generated by mysql-backup4j
-- https://github.com/SeunMatt/mysql-backup4j
-- Date: 20-10-2020 20:10:19
--

/*!40101 SET @OLD_CHARACTER_SET_CLIENT=@@CHARACTER_SET_CLIENT */;
/*!40101 SET NAMES utf8 */;
/*!50503 SET NAMES utf8mb4 */;
/*!40014 SET @OLD_FOREIGN_KEY_CHECKS=@@FOREIGN_KEY_CHECKS, FOREIGN_KEY_CHECKS=0 */;
/*!40101 SET @OLD_SQL_MODE=@@SQL_MODE, SQL_MODE='NO_AUTO_VALUE_ON_ZERO' */;

--
-- start  table dump : bank
--

CREATE TABLE IF NOT EXISTS `bank` (
  `id` int(6) NOT NULL AUTO_INCREMENT,
  `balance` float NOT NULL,
  `drawee` float NOT NULL,
  `balance_today` float NOT NULL,
  `date` date NOT NULL DEFAULT current_timestamp(),
  PRIMARY KEY (`id`)
) ENGINE=InnoDB AUTO_INCREMENT=2 DEFAULT CHARSET=utf8mb4;



--
-- end  table dump : bank
--


--
-- Inserts of bank
--


/*!40000 ALTER TABLE `bank` DISABLE KEYS */;

--
-- start table insert : bank
--
INSERT INTO `bank`(`id`, `balance`, `drawee`, `balance_today`, `date`) VALUES 
(1, '60414.0', '80000.0', '210.0', '2020-10-20');
--
-- end table insert : bank
--

/*!40000 ALTER TABLE `bank` ENABLE KEYS */;


--
-- start  table dump : bill_buy
--

CREATE TABLE IF NOT EXISTS `bill_buy` (
  `id` int(7) NOT NULL AUTO_INCREMENT,
  `company_id` int(3) NOT NULL,
  `user_id` int(2) NOT NULL,
  `date` date NOT NULL DEFAULT current_timestamp(),
  `saver_id` int(2) DEFAULT NULL,
  `updater_id` int(2) DEFAULT NULL,
  PRIMARY KEY (`id`),
  KEY `company_id` (`company_id`),
  KEY `user_id` (`user_id`),
  KEY `saver_id` (`saver_id`),
  KEY `updater_id` (`updater_id`),
  CONSTRAINT `bill_buy_ibfk_1` FOREIGN KEY (`company_id`) REFERENCES `company` (`id`),
  CONSTRAINT `bill_buy_ibfk_2` FOREIGN KEY (`saver_id`) REFERENCES `user` (`id`) ON UPDATE CASCADE,
  CONSTRAINT `bill_buy_ibfk_3` FOREIGN KEY (`user_id`) REFERENCES `user` (`id`),
  CONSTRAINT `bill_buy_ibfk_4` FOREIGN KEY (`updater_id`) REFERENCES `user` (`id`)
) ENGINE=InnoDB AUTO_INCREMENT=65 DEFAULT CHARSET=utf8mb4 COLLATE=utf8mb4_bin;



--
-- end  table dump : bill_buy
--


--
-- Inserts of bill_buy
--


/*!40000 ALTER TABLE `bill_buy` DISABLE KEYS */;

--
-- start table insert : bill_buy
--
INSERT INTO `bill_buy`(`id`, `company_id`, `user_id`, `date`, `saver_id`, `updater_id`) VALUES 
(36, 1, 1, '2020-10-06', null, null),
(37, 1, 2, '2020-10-06', null, null),
(52, 1, 1, '2020-10-17', null, null),
(53, 8, 1, '2020-10-17', null, null),
(54, 11, 1, '2020-10-17', null, null),
(55, 2, 1, '2020-10-17', null, null),
(56, 10, 1, '2020-10-17', null, null),
(57, 1, 1, '2020-10-17', null, null),
(58, 1, 1, '2020-10-18', null, null),
(59, 1, 1, '2020-10-18', null, null),
(60, 1, 1, '2020-10-18', null, null),
(61, 1, 1, '2020-10-18', null, null),
(62, 1, 1, '2020-10-19', null, null),
(63, 1, 1, '2020-10-19', null, null);
--
-- end table insert : bill_buy
--

/*!40000 ALTER TABLE `bill_buy` ENABLE KEYS */;


--
-- start  table dump : bill_buy_items
--

CREATE TABLE IF NOT EXISTS `bill_buy_items` (
  `id` int(6) NOT NULL AUTO_INCREMENT,
  `item_id` int(4) NOT NULL,
  `bill_id` int(6) NOT NULL,
  `buy_price` int(4) NOT NULL,
  `quantity` int(3) NOT NULL,
  `date` date NOT NULL DEFAULT current_timestamp(),
  PRIMARY KEY (`id`),
  KEY `bill_id` (`bill_id`),
  KEY `item_id` (`item_id`),
  CONSTRAINT `bill_buy_items_ibfk_1` FOREIGN KEY (`item_id`) REFERENCES `item` (`id`),
  CONSTRAINT `bill_buy_items_ibfk_2` FOREIGN KEY (`bill_id`) REFERENCES `bill_buy` (`id`) ON DELETE CASCADE ON UPDATE CASCADE
) ENGINE=InnoDB AUTO_INCREMENT=184 DEFAULT CHARSET=utf8mb4 COLLATE=utf8mb4_bin;



--
-- end  table dump : bill_buy_items
--


--
-- Inserts of bill_buy_items
--


/*!40000 ALTER TABLE `bill_buy_items` DISABLE KEYS */;

--
-- start table insert : bill_buy_items
--
INSERT INTO `bill_buy_items`(`id`, `item_id`, `bill_id`, `buy_price`, `quantity`, `date`) VALUES 
(111, 13, 36, 10, 10, '2020-10-06'),
(160, 13, 37, 10, 10, '2020-10-06'),
(161, 13, 37, 13, 10, '2020-10-06'),
(162, 29, 36, 5, 15, '2020-10-06'),
(163, 32, 36, 11, 10, '2020-10-06'),
(164, 33, 36, 2, 15, '2020-10-06'),
(165, 36, 36, 11, 12, '2020-10-06'),
(166, 21, 36, 3, 17, '2020-10-06'),
(168, 13, 52, 15, 90, '2020-10-17'),
(169, 13, 53, 15, 10, '2020-10-17'),
(170, 13, 54, 15, 10, '2020-10-17'),
(171, 28, 55, 15, 11, '2020-10-17'),
(172, 13, 56, 15, 10, '2020-10-17'),
(174, 13, 57, 15, 10, '2020-10-17'),
(175, 13, 58, 15, 10, '2020-10-18'),
(176, 13, 59, 10, 15, '2020-10-18'),
(177, 13, 60, 15, 10, '2020-10-18'),
(178, 13, 61, 10, 10, '2020-10-18'),
(180, 13, 62, 5, 10, '2020-10-19'),
(183, 29, 63, 10, 11, '2020-10-19');
--
-- end table insert : bill_buy_items
--

/*!40000 ALTER TABLE `bill_buy_items` ENABLE KEYS */;


--
-- start  table dump : bill_return
--

CREATE TABLE IF NOT EXISTS `bill_return` (
  `id` int(7) NOT NULL AUTO_INCREMENT,
  `client_id` int(3) NOT NULL,
  `date` date NOT NULL,
  `user_id` int(2) NOT NULL,
  `saver_id` int(2) DEFAULT NULL,
  `updater_id` int(2) DEFAULT NULL,
  PRIMARY KEY (`id`),
  KEY `client_id` (`client_id`),
  KEY `user_id` (`user_id`),
  CONSTRAINT `bill_return_ibfk_1` FOREIGN KEY (`client_id`) REFERENCES `client` (`id`) ON DELETE NO ACTION ON UPDATE CASCADE,
  CONSTRAINT `bill_return_ibfk_2` FOREIGN KEY (`user_id`) REFERENCES `user` (`id`) ON UPDATE CASCADE
) ENGINE=InnoDB AUTO_INCREMENT=50 DEFAULT CHARSET=utf8mb4 COLLATE=utf8mb4_bin;



--
-- end  table dump : bill_return
--


--
-- Inserts of bill_return
--


/*!40000 ALTER TABLE `bill_return` DISABLE KEYS */;

--
-- start table insert : bill_return
--
INSERT INTO `bill_return`(`id`, `client_id`, `date`, `user_id`, `saver_id`, `updater_id`) VALUES 
(41, 34, '2020-10-07', 1, null, null),
(42, 37, '2020-10-07', 1, null, null),
(43, 34, '2020-10-07', 1, null, null),
(46, 34, '2020-10-17', 1, null, null),
(48, 34, '2020-10-18', 1, null, null);
--
-- end table insert : bill_return
--

/*!40000 ALTER TABLE `bill_return` ENABLE KEYS */;


--
-- start  table dump : bill_return_items
--

CREATE TABLE IF NOT EXISTS `bill_return_items` (
  `id` int(7) NOT NULL AUTO_INCREMENT,
  `item_id` int(4) NOT NULL,
  `bill_id` int(7) NOT NULL,
  `return_price` int(4) NOT NULL,
  `quantity` int(4) NOT NULL,
  `date` date NOT NULL DEFAULT current_timestamp(),
  PRIMARY KEY (`id`),
  KEY `bill_id` (`bill_id`),
  KEY `item_id` (`item_id`),
  CONSTRAINT `bill_return_items_ibfk_1` FOREIGN KEY (`bill_id`) REFERENCES `bill_return` (`id`) ON DELETE CASCADE ON UPDATE CASCADE,
  CONSTRAINT `bill_return_items_ibfk_2` FOREIGN KEY (`item_id`) REFERENCES `item` (`id`) ON UPDATE CASCADE
) ENGINE=InnoDB AUTO_INCREMENT=124 DEFAULT CHARSET=utf8mb4 COLLATE=utf8mb4_bin;



--
-- end  table dump : bill_return_items
--


--
-- Inserts of bill_return_items
--


/*!40000 ALTER TABLE `bill_return_items` DISABLE KEYS */;

--
-- start table insert : bill_return_items
--
INSERT INTO `bill_return_items`(`id`, `item_id`, `bill_id`, `return_price`, `quantity`, `date`) VALUES 
(116, 13, 41, 10, 10, '2020-10-07'),
(117, 13, 42, 10, 10, '2020-10-07'),
(118, 13, 43, 10, 10, '2020-10-07'),
(121, 13, 46, 5, 20, '2020-10-17'),
(122, 13, 48, 12, 5, '2020-10-18'),
(123, 29, 48, 11, 10, '2020-10-18');
--
-- end table insert : bill_return_items
--

/*!40000 ALTER TABLE `bill_return_items` ENABLE KEYS */;


--
-- start  table dump : bill_sell
--

CREATE TABLE IF NOT EXISTS `bill_sell` (
  `id` int(7) NOT NULL AUTO_INCREMENT,
  `client_id` int(3) NOT NULL,
  `user_id` int(2) NOT NULL,
  `late` tinyint(1) NOT NULL,
  `payed` float NOT NULL,
  `date` date NOT NULL,
  `saver_id` int(2) DEFAULT NULL,
  `updater_id` int(11) DEFAULT NULL,
  PRIMARY KEY (`id`),
  KEY `client_id` (`client_id`),
  KEY `user_id` (`user_id`),
  KEY `updater_id` (`updater_id`),
  KEY `saver_id` (`saver_id`),
  CONSTRAINT `bill_sell_ibfk_1` FOREIGN KEY (`client_id`) REFERENCES `client` (`id`),
  CONSTRAINT `bill_sell_ibfk_2` FOREIGN KEY (`user_id`) REFERENCES `user` (`id`) ON UPDATE CASCADE,
  CONSTRAINT `bill_sell_ibfk_3` FOREIGN KEY (`updater_id`) REFERENCES `user` (`id`) ON UPDATE CASCADE,
  CONSTRAINT `bill_sell_ibfk_4` FOREIGN KEY (`saver_id`) REFERENCES `user` (`id`) ON UPDATE CASCADE
) ENGINE=InnoDB AUTO_INCREMENT=549 DEFAULT CHARSET=utf8 COLLATE=utf8_bin;



--
-- end  table dump : bill_sell
--


--
-- Inserts of bill_sell
--


/*!40000 ALTER TABLE `bill_sell` DISABLE KEYS */;

--
-- start table insert : bill_sell
--
INSERT INTO `bill_sell`(`id`, `client_id`, `user_id`, `late`, `payed`, `date`, `saver_id`, `updater_id`) VALUES 
(501, 34, 1, 0, '0.0', '2020-10-06', null, null),
(502, 34, 1, 0, '0.0', '2020-10-06', null, null),
(505, 34, 1, 0, '0.0', '2020-10-06', null, null),
(506, 34, 1, 0, '0.0', '2020-10-06', null, null),
(508, 34, 1, 0, '0.0', '2020-10-06', null, null),
(515, 36, 1, 0, '0.0', '2020-10-17', null, null),
(516, 34, 1, 0, '0.0', '2020-10-17', null, null),
(518, 34, 1, 0, '0.0', '2020-10-17', null, null),
(520, 38, 1, 0, '0.0', '2020-10-17', null, null),
(521, 41, 1, 0, '0.0', '2020-10-17', null, null),
(522, 35, 1, 0, '0.0', '2020-10-17', null, null),
(525, 42, 1, 0, '0.0', '2020-10-17', null, null),
(526, 45, 1, 0, '0.0', '2020-10-17', null, null),
(528, 44, 1, 0, '0.0', '2020-10-17', null, null),
(529, 46, 1, 0, '0.0', '2020-10-17', null, null),
(530, 43, 1, 0, '0.0', '2020-10-17', null, null),
(531, 38, 1, 0, '0.0', '2020-10-17', null, null),
(532, 40, 1, 0, '0.0', '2020-10-17', null, null),
(533, 37, 1, 0, '0.0', '2020-10-17', null, null),
(534, 34, 1, 0, '0.0', '2020-10-17', null, null),
(535, 34, 1, 0, '0.0', '2020-10-17', null, null),
(536, 39, 1, 0, '0.0', '2020-10-17', null, null),
(538, 34, 1, 0, '0.0', '2020-10-18', null, null),
(539, 34, 1, 0, '0.0', '2020-10-18', null, null),
(540, 34, 1, 0, '0.0', '2020-10-18', null, null),
(541, 34, 1, 0, '0.0', '2020-10-18', null, null),
(542, 34, 1, 0, '0.0', '2020-10-18', null, null),
(543, 37, 1, 0, '0.0', '2020-10-18', null, null),
(544, 34, 1, 0, '0.0', '2020-10-18', null, null),
(545, 34, 1, 0, '0.0', '2020-10-18', null, null),
(546, 34, 1, 0, '0.0', '2020-10-18', null, null),
(547, 34, 1, 0, '0.0', '2020-10-19', null, null);
--
-- end table insert : bill_sell
--

/*!40000 ALTER TABLE `bill_sell` ENABLE KEYS */;


--
-- start  table dump : bill_sell_items
--

CREATE TABLE IF NOT EXISTS `bill_sell_items` (
  `id` int(7) NOT NULL AUTO_INCREMENT,
  `item_id` int(4) NOT NULL,
  `bill_id` int(6) NOT NULL,
  `sell_price` float NOT NULL,
  `buy_price` float NOT NULL,
  `quantity` int(3) NOT NULL,
  `date` date NOT NULL DEFAULT current_timestamp(),
  PRIMARY KEY (`id`),
  KEY `item_id` (`item_id`),
  KEY `bill_id` (`bill_id`),
  CONSTRAINT `bill_sell_items_ibfk_1` FOREIGN KEY (`item_id`) REFERENCES `item` (`id`) ON DELETE NO ACTION ON UPDATE NO ACTION,
  CONSTRAINT `bill_sell_items_ibfk_2` FOREIGN KEY (`bill_id`) REFERENCES `bill_sell` (`id`) ON DELETE CASCADE ON UPDATE CASCADE
) ENGINE=InnoDB AUTO_INCREMENT=1056 DEFAULT CHARSET=utf8mb4 COLLATE=utf8mb4_bin;



--
-- end  table dump : bill_sell_items
--


--
-- Inserts of bill_sell_items
--


/*!40000 ALTER TABLE `bill_sell_items` DISABLE KEYS */;

--
-- start table insert : bill_sell_items
--
INSERT INTO `bill_sell_items`(`id`, `item_id`, `bill_id`, `sell_price`, `buy_price`, `quantity`, `date`) VALUES 
(958, 13, 501, '20.55', '13.0', 10, '2020-10-06'),
(991, 13, 502, '20.55', '0.0', 10, '2020-10-06'),
(992, 30, 502, '16.0', '0.0', 5, '2020-10-06'),
(993, 35, 502, '10.0', '0.0', 10, '2020-10-06'),
(994, 13, 502, '20.0', '0.0', 10, '2020-10-06'),
(995, 13, 505, '20.0', '13.0', 10, '2020-10-06'),
(999, 13, 506, '20.0', '0.0', 10, '2020-10-06'),
(1000, 13, 506, '20.0', '0.0', 10, '2020-10-06'),
(1001, 29, 506, '10.0', '0.0', 10, '2020-10-06'),
(1003, 13, 508, '20.0', '13.0', 10, '2020-10-06'),
(1004, 29, 508, '10.0', '5.0', 10, '2020-10-06'),
(1005, 30, 508, '16.0', '10.0', 15, '2020-10-06'),
(1006, 28, 508, '20.0', '19.5', 15, '2020-10-06'),
(1007, 21, 508, '5.0', '3.0', 15, '2020-10-06'),
(1015, 13, 515, '20.0', '13.0', 60, '2020-10-17'),
(1016, 13, 516, '20.0', '13.0', 10, '2020-10-17'),
(1020, 13, 518, '20.0', '0.0', 20, '2020-10-17'),
(1021, 13, 520, '20.0', '13.0', 10, '2020-10-17'),
(1022, 17, 520, '5.0', '4.0', 15, '2020-10-17'),
(1023, 13, 521, '20.0', '13.0', 10, '2020-10-17'),
(1024, 37, 521, '12.0', '10.0', 10, '2020-10-17'),
(1025, 29, 522, '10.0', '5.0', 10, '2020-10-17'),
(1026, 21, 525, '5.0', '3.0', 10, '2020-10-17'),
(1027, 19, 526, '15.0', '14.39', 10, '2020-10-17'),
(1028, 38, 526, '16.0', '11.0', 10, '2020-10-17'),
(1029, 13, 528, '20.0', '13.0', 10, '2020-10-17'),
(1030, 30, 528, '16.0', '10.0', 2, '2020-10-17'),
(1031, 13, 529, '20.0', '13.0', 10, '2020-10-17'),
(1032, 21, 529, '5.0', '3.0', 5, '2020-10-17'),
(1033, 18, 530, '10.0', '7.0', 12, '2020-10-17'),
(1034, 13, 531, '20.0', '13.0', 10, '2020-10-17'),
(1035, 36, 531, '16.0', '11.0', 5, '2020-10-17'),
(1036, 13, 532, '20.0', '13.0', 10, '2020-10-17'),
(1037, 13, 533, '20.0', '13.0', 10, '2020-10-17'),
(1038, 16, 534, '5.0', '3.0', 10, '2020-10-17'),
(1039, 16, 535, '5.0', '3.0', 10, '2020-10-17'),
(1040, 32, 536, '12.0', '11.0', 16, '2020-10-17'),
(1042, 13, 538, '20.0', '13.0', 10, '2020-10-18'),
(1043, 13, 539, '20.0', '13.0', 15, '2020-10-18'),
(1044, 13, 540, '20.0', '13.0', 20, '2020-10-18'),
(1045, 29, 541, '10.0', '5.0', 9, '2020-10-18'),
(1046, 13, 542, '20.0', '13.0', 10, '2020-10-18'),
(1047, 13, 543, '20.0', '13.0', 10, '2020-10-18'),
(1048, 30, 544, '16.0', '10.0', 6, '2020-10-18'),
(1051, 31, 545, '15.0', '10.0', 5, '2020-10-18'),
(1052, 30, 546, '16.0', '10.0', 1, '2020-10-18'),
(1053, 34, 546, '10.0', '5.0', 10, '2020-10-18'),
(1054, 31, 546, '15.0', '10.0', 1, '2020-10-18'),
(1055, 13, 547, '20.0', '13.0', 10, '2020-10-19');
--
-- end table insert : bill_sell_items
--

/*!40000 ALTER TABLE `bill_sell_items` ENABLE KEYS */;


--
-- start  table dump : client
--

CREATE TABLE IF NOT EXISTS `client` (
  `id` int(3) NOT NULL AUTO_INCREMENT,
  `name` varchar(64) NOT NULL DEFAULT 'N/A',
  `drawee` int(4) NOT NULL DEFAULT 0,
  PRIMARY KEY (`id`)
) ENGINE=InnoDB AUTO_INCREMENT=48 DEFAULT CHARSET=utf8;



--
-- end  table dump : client
--


--
-- Inserts of client
--


/*!40000 ALTER TABLE `client` DISABLE KEYS */;

--
-- start table insert : client
--
INSERT INTO `client`(`id`, `name`, `drawee`) VALUES 
(34, 'اللواء 82', 4410),
(35, 'اللواء 47', 0),
(36, 'الفرقة السابعة', 0),
(37, 'الفرقة الخامسة', 80),
(38, 'اللوا 288', 0),
(39, 'س 8 شرطة عسكرية', 0),
(40, 'الشعبة الهندسية', 0),
(41, 'الفرقة الأولى', 0),
(42, 'فوج 12', 200),
(43, 'الكتيبة 817', 0),
(44, 'الكتيبة 207', 0),
(45, 'قيادة المدفعية', 0),
(46, 'الجيش الثالث', 0),
(47, 'اللوا الاول', 0);
--
-- end table insert : client
--

/*!40000 ALTER TABLE `client` ENABLE KEYS */;


--
-- start  table dump : collect
--

CREATE TABLE IF NOT EXISTS `collect` (
  `id` int(6) NOT NULL AUTO_INCREMENT,
  `client_id` int(3) NOT NULL,
  `amount` int(6) NOT NULL,
  `balance_now` float NOT NULL,
  `date` date NOT NULL,
  `time_stamp` timestamp NOT NULL DEFAULT current_timestamp(),
  PRIMARY KEY (`id`),
  KEY `client_id` (`client_id`),
  CONSTRAINT `collect_ibfk_1` FOREIGN KEY (`client_id`) REFERENCES `client` (`id`) ON DELETE CASCADE ON UPDATE CASCADE
) ENGINE=InnoDB AUTO_INCREMENT=61 DEFAULT CHARSET=utf8mb4 COLLATE=utf8mb4_bin;



--
-- end  table dump : collect
--


--
-- Inserts of collect
--


/*!40000 ALTER TABLE `collect` DISABLE KEYS */;

--
-- start table insert : collect
--
INSERT INTO `collect`(`id`, `client_id`, `amount`, `balance_now`, `date`, `time_stamp`) VALUES 
(1, 34, 1000, '0.0', '2020-09-25', '2020-09-30 00:00:00'),
(2, 34, 112, '0.0', '2020-09-25', '2020-09-30 00:00:00'),
(3, 34, 11, '0.0', '2020-09-25', '2020-09-30 00:00:00'),
(4, 34, 100, '0.0', '2020-09-25', '2020-09-30 00:00:00'),
(5, 34, 100, '0.0', '2020-09-25', '2020-09-30 00:00:00'),
(6, 35, 100, '0.0', '2020-09-25', '2020-09-30 00:00:00'),
(7, 39, 100, '0.0', '2020-09-25', '2020-09-30 00:00:00'),
(8, 34, 10, '0.0', '2020-09-25', '2020-09-30 00:00:00'),
(9, 34, 30, '0.0', '2020-09-25', '2020-09-30 00:00:00'),
(10, 39, 20, '0.0', '2020-09-25', '2020-09-30 00:00:00'),
(13, 39, -460, '0.0', '2020-09-25', '2020-09-30 00:00:00'),
(14, 39, 1, '0.0', '2020-09-25', '2020-09-30 00:00:00'),
(15, 39, 59, '0.0', '2020-09-25', '2020-09-30 00:00:00'),
(16, 39, 1, '0.0', '2020-09-25', '2020-09-30 00:00:00'),
(17, 36, 22, '0.0', '2020-09-25', '2020-09-30 00:00:00'),
(18, 34, 50, '0.0', '2020-09-26', '2020-09-30 00:00:00'),
(19, 34, 50, '0.0', '2020-09-26', '2020-09-30 00:00:00'),
(20, 34, 10, '0.0', '2020-09-27', '2020-09-30 00:00:00'),
(21, 34, 10, '0.0', '2020-09-27', '2020-09-30 00:00:00'),
(22, 34, 20, '226.0', '2020-09-30', '2020-09-30 00:00:00'),
(23, 34, 20, '206.0', '2020-09-30', '2020-09-30 00:00:00'),
(24, 34, 50, '156.0', '2020-09-30', '2020-09-30 00:00:00'),
(25, 34, 50, '106.0', '2020-09-30', '2020-09-30 00:00:00'),
(26, 34, 50, '56.0', '2020-09-30', '2020-09-30 00:00:00'),
(27, 34, 50, '6.0', '2020-09-30', '2020-09-30 00:00:00'),
(28, 36, 200, '231.0', '2020-09-30', '2020-09-30 00:00:00'),
(29, 36, 200, '31.0', '2020-09-30', '2020-09-30 00:00:00'),
(30, 36, 220, '222.0', '2020-09-30', '2020-09-30 00:00:00'),
(31, 36, 100, '122.0', '2020-09-30', '2020-09-30 00:00:00'),
(32, 36, 100, '22.0', '2020-09-30', '2020-09-30 00:00:00'),
(33, 39, 100, '299.0', '2020-09-30', '2020-09-30 00:00:00'),
(34, 39, 200, '99.0', '2020-09-30', '2020-09-30 00:00:00'),
(35, 36, 10, '12.0', '2020-09-30', '2020-09-30 00:00:00'),
(36, 36, 10, '2.0', '2020-09-30', '2020-09-30 00:00:00'),
(37, 39, 50, '49.0', '2020-09-30', '2020-09-30 00:00:00'),
(38, 36, 2, '0.0', '2020-09-30', '2020-09-30 00:00:00'),
(39, 34, 2, '4.0', '2020-09-30', '2020-09-30 19:08:23'),
(40, 34, 1, '3.0', '2020-09-30', '2020-09-30 19:08:26'),
(41, 39, 49, '0.0', '2020-09-30', '2020-09-30 23:53:42'),
(42, 34, 1, '2.0', '2020-10-03', '2020-10-03 16:43:39'),
(43, 34, 2, '0.0', '2020-10-04', '2020-10-04 15:24:35'),
(44, 42, 90, '300.0', '2020-10-04', '2020-10-04 17:49:29'),
(45, 42, 100, '200.0', '2020-10-05', '2020-10-05 13:52:11'),
(46, 34, 44, '800.0', '2020-10-05', '2020-10-05 17:17:58'),
(47, 34, -3000, '1033.0', '2020-10-06', '2020-10-06 21:29:35'),
(48, 37, 10, '90.0', '2020-10-07', '2020-10-07 19:05:28'),
(49, 37, 10, '80.0', '2020-10-07', '2020-10-07 19:07:48'),
(55, 34, 10, '4910.0', '2020-10-20', '2020-10-20 00:02:23'),
(60, 34, 500, '4410.0', '2020-10-20', '2020-10-20 17:22:23');
--
-- end table insert : collect
--

/*!40000 ALTER TABLE `collect` ENABLE KEYS */;


--
-- start  table dump : company
--

CREATE TABLE IF NOT EXISTS `company` (
  `id` int(2) NOT NULL AUTO_INCREMENT,
  `name` varchar(64) COLLATE utf8mb4_bin NOT NULL,
  `drawee` int(5) NOT NULL DEFAULT 0,
  PRIMARY KEY (`id`),
  UNIQUE KEY `name` (`name`)
) ENGINE=InnoDB AUTO_INCREMENT=23 DEFAULT CHARSET=utf8mb4 COLLATE=utf8mb4_bin;



--
-- end  table dump : company
--


--
-- Inserts of company
--


/*!40000 ALTER TABLE `company` DISABLE KEYS */;

--
-- start table insert : company
--
INSERT INTO `company`(`id`, `name`, `drawee`) VALUES 
(1, 'ايدتا', 1126),
(2, 'نيستل', 355),
(3, 'جهينة', -550),
(6, 'jd', 0),
(7, 'شركة', 0),
(8, 'اديداس', 150),
(10, 'جيرسي', 150),
(11, 'كل يوم', 150),
(12, 'بخيره', 0),
(13, 'زينو', 80),
(14, 'سنيكارز', 0),
(15, 'الولدي', 74),
(16, 'بسكريم', 0),
(17, 'محمد', 100),
(18, 'لمبادا كبير', 0),
(19, 'احمد', 0),
(20, '', 0),
(21, 'سس', 0);
--
-- end table insert : company
--

/*!40000 ALTER TABLE `company` ENABLE KEYS */;


--
-- start  table dump : company_bill_return
--

CREATE TABLE IF NOT EXISTS `company_bill_return` (
  `id` int(7) NOT NULL AUTO_INCREMENT,
  `company_id` int(3) NOT NULL,
  `date` date NOT NULL,
  `user_id` int(2) NOT NULL,
  `saver_id` int(2) DEFAULT NULL,
  `updater_id` int(2) DEFAULT NULL,
  PRIMARY KEY (`id`),
  KEY `user_id` (`user_id`),
  KEY `company_id` (`company_id`),
  CONSTRAINT `company_bill_return_ibfk_1` FOREIGN KEY (`company_id`) REFERENCES `company` (`id`) ON UPDATE CASCADE,
  CONSTRAINT `company_bill_return_ibfk_2` FOREIGN KEY (`user_id`) REFERENCES `user` (`id`) ON UPDATE CASCADE
) ENGINE=InnoDB AUTO_INCREMENT=61 DEFAULT CHARSET=utf8mb4 COLLATE=utf8mb4_bin;



--
-- end  table dump : company_bill_return
--


--
-- Inserts of company_bill_return
--


/*!40000 ALTER TABLE `company_bill_return` DISABLE KEYS */;

--
-- start table insert : company_bill_return
--
INSERT INTO `company_bill_return`(`id`, `company_id`, `date`, `user_id`, `saver_id`, `updater_id`) VALUES 
(56, 1, '2020-10-19', 1, null, null),
(57, 1, '2020-10-19', 1, null, null),
(58, 1, '2020-10-19', 1, null, null),
(60, 1, '2020-10-20', 1, null, null);
--
-- end table insert : company_bill_return
--

/*!40000 ALTER TABLE `company_bill_return` ENABLE KEYS */;


--
-- start  table dump : company_bill_return_items
--

CREATE TABLE IF NOT EXISTS `company_bill_return_items` (
  `id` int(7) NOT NULL AUTO_INCREMENT,
  `item_id` int(4) NOT NULL,
  `bill_id` int(7) NOT NULL,
  `return_price` int(4) NOT NULL,
  `quantity` int(4) NOT NULL,
  `date` date NOT NULL DEFAULT current_timestamp(),
  PRIMARY KEY (`id`),
  KEY `bill_id` (`bill_id`),
  KEY `item_id` (`item_id`)
) ENGINE=InnoDB AUTO_INCREMENT=149 DEFAULT CHARSET=utf8mb4 COLLATE=utf8mb4_bin;



--
-- end  table dump : company_bill_return_items
--


--
-- Inserts of company_bill_return_items
--


/*!40000 ALTER TABLE `company_bill_return_items` DISABLE KEYS */;

--
-- start table insert : company_bill_return_items
--
INSERT INTO `company_bill_return_items`(`id`, `item_id`, `bill_id`, `return_price`, `quantity`, `date`) VALUES 
(137, 13, 52, 10, 10, '2020-10-19'),
(138, 21, 52, 5, 5, '2020-10-19'),
(139, 13, 51, 10, 10, '2020-10-19'),
(140, 30, 51, 10, 10, '2020-10-19'),
(141, 28, 51, 20, 5, '2020-10-19'),
(142, 13, 55, 5, 10, '2020-10-19'),
(143, 13, 56, 10, 10, '2020-10-19'),
(144, 13, 57, 5, 10, '2020-10-19'),
(145, 13, 58, 10, 10, '2020-10-19'),
(146, 14, 58, 10, 10, '2020-10-19'),
(147, 15, 58, 5, 5, '2020-10-19'),
(148, 13, 60, 10, 10, '2020-10-20');
--
-- end table insert : company_bill_return_items
--

/*!40000 ALTER TABLE `company_bill_return_items` ENABLE KEYS */;


--
-- start  table dump : item
--

CREATE TABLE IF NOT EXISTS `item` (
  `id` int(4) NOT NULL AUTO_INCREMENT,
  `name` varchar(64) COLLATE utf8mb4_bin NOT NULL,
  `quantity` int(4) unsigned NOT NULL,
  `buy_price` float NOT NULL,
  `sell_price` float NOT NULL,
  PRIMARY KEY (`id`),
  KEY `name` (`name`)
) ENGINE=InnoDB AUTO_INCREMENT=39 DEFAULT CHARSET=utf8mb4 COLLATE=utf8mb4_bin;



--
-- end  table dump : item
--


--
-- Inserts of item
--


/*!40000 ALTER TABLE `item` DISABLE KEYS */;

--
-- start table insert : item
--
INSERT INTO `item`(`id`, `name`, `quantity`, `buy_price`, `sell_price`) VALUES 
(13, 'لمبادا كبير', 875, '13.0', '20.0'),
(14, 'كيمو', 61, '11.0', '11.5'),
(15, 'ميجا ايس كريم', 80, '4.0', '6.0'),
(16, 'هوهوز كبير', 25, '3.0', '5.0'),
(17, 'فريسكا', 30, '4.0', '5.0'),
(18, 'جيرسي', 24, '7.0', '10.0'),
(19, 'توينكز', 124, '14.39', '15.0'),
(21, 'دوريتوس', 186, '3.0', '5.0'),
(28, 'تيتي فراولة', 219, '19.5', '20.0'),
(29, 'جلاكسي', 90, '5.0', '10.0'),
(30, 'ديري ميلك', 971, '10.0', '16.0'),
(31, 'ديري ميلك كبير', 0, '10.0', '15.0'),
(32, 'كابري', 100, '11.0', '12.0'),
(33, 'ماندولين', 115, '2.0', '3.0'),
(34, 'الشعبة الهندسية', 1, '5.0', '10.0'),
(35, 'سيكلز', 89, '5.0', '10.0'),
(36, 'معمول', 108, '11.0', '16.0'),
(37, 'كوز لنشون', 30, '10.0', '12.0'),
(38, 'جبنة رومي', 190, '11.0', '16.0');
--
-- end table insert : item
--

/*!40000 ALTER TABLE `item` ENABLE KEYS */;


--
-- start  table dump : item_moves
--

CREATE TABLE IF NOT EXISTS `item_moves` (
  `id` int(11) NOT NULL AUTO_INCREMENT,
  `item_id` int(11) NOT NULL,
  `bill_id` int(11) NOT NULL,
  `type` varchar(32) NOT NULL,
  `quantity` int(6) NOT NULL,
  `balance` int(6) NOT NULL,
  `buy_price` float NOT NULL,
  `sell_price` float NOT NULL,
  `date` date NOT NULL DEFAULT current_timestamp(),
  `time_stamp` timestamp NOT NULL DEFAULT current_timestamp(),
  PRIMARY KEY (`id`),
  KEY `item_id` (`item_id`),
  CONSTRAINT `item_moves_ibfk_1` FOREIGN KEY (`item_id`) REFERENCES `item` (`id`) ON UPDATE CASCADE
) ENGINE=InnoDB AUTO_INCREMENT=38 DEFAULT CHARSET=utf8mb4;



--
-- end  table dump : item_moves
--


--
-- Inserts of item_moves
--


/*!40000 ALTER TABLE `item_moves` DISABLE KEYS */;

--
-- start table insert : item_moves
--
INSERT INTO `item_moves`(`id`, `item_id`, `bill_id`, `type`, `quantity`, `balance`, `buy_price`, `sell_price`, `date`, `time_stamp`) VALUES 
(1, 13, 538, 'بيع', 10, 840, '0.0', '20.0', '2020-10-18', '2020-10-18 19:10:28'),
(2, 13, 539, 'بيع', 15, 825, '0.0', '20.0', '2020-10-18', '2020-10-18 19:10:54'),
(3, 13, 540, 'بيع', -20, 805, '0.0', '20.0', '2020-10-18', '2020-10-18 19:16:04'),
(4, 13, 58, 'شراء', 10, 815, '15.0', '0.0', '2020-10-18', '2020-10-18 19:16:56'),
(5, 13, 48, 'مرتجع عميل', 5, 820, '0.0', '12.0', '2020-10-18', '2020-10-18 19:23:30'),
(6, 29, 48, 'مرتجع عميل', 10, 88, '0.0', '11.0', '2020-10-18', '2020-10-18 19:23:30'),
(7, 29, 541, 'بيع', -9, 79, '0.0', '10.0', '2020-10-18', '2020-10-18 19:23:58'),
(8, 13, 542, 'بيع', -10, 800, '0.0', '20.0', '2020-10-18', '2020-10-18 21:21:09'),
(9, 13, 59, 'شراء', 15, 815, '10.0', '0.0', '2020-10-18', '2020-10-18 21:21:27'),
(10, 13, 60, 'شراء', 10, 825, '15.0', '0.0', '2020-10-18', '2020-10-18 21:57:11'),
(11, 13, 543, 'بيع', -10, 815, '0.0', '20.0', '2020-10-18', '2020-10-18 21:57:38'),
(12, 13, 61, 'شراء', 10, 825, '10.0', '0.0', '2020-10-18', '2020-10-18 22:18:19'),
(13, 30, 544, 'بيع', -6, 972, '0.0', '16.0', '2020-10-18', '2020-10-18 22:27:07'),
(14, 31, 545, 'بيع', -2, 4, '0.0', '15.0', '2020-10-18', '2020-10-18 22:28:23'),
(15, 31, 545, 'بيع', -2, 2, '0.0', '15.0', '2020-10-18', '2020-10-18 22:28:23'),
(16, 31, 545, 'بيع', -5, -3, '0.0', '15.0', '2020-10-18', '2020-10-18 22:28:23'),
(17, 30, 546, 'بيع', -1, 971, '0.0', '16.0', '2020-10-18', '2020-10-18 22:32:46'),
(18, 34, 546, 'بيع', -10, 1, '0.0', '10.0', '2020-10-18', '2020-10-18 22:32:46'),
(19, 31, 546, 'بيع', -1, 0, '0.0', '15.0', '2020-10-18', '2020-10-18 22:32:46'),
(20, 13, 547, 'بيع', -10, 815, '0.0', '20.0', '2020-10-19', '2020-10-19 11:12:35'),
(21, 13, 62, 'شراء', 10, 825, '5.0', '0.0', '2020-10-19', '2020-10-19 14:58:13'),
(22, 29, 63, 'شراء', 11, 90, '10.0', '0.0', '2020-10-19', '2020-10-19 14:59:12'),
(23, 13, 49, 'مرتجع عميل', 10, 835, '0.0', '10.0', '2020-10-19', '2020-10-19 18:16:04'),
(24, 13, 49, 'مرتجع عميل', 5, 840, '0.0', '10.0', '2020-10-19', '2020-10-19 18:16:04'),
(25, 13, 49, 'مرتجع عميل', 5, 845, '0.0', '5.0', '2020-10-19', '2020-10-19 18:16:05'),
(26, 13, 50, 'مرتجع عميل', 10, 855, '0.0', '10.0', '2020-10-19', '2020-10-19 18:24:27'),
(27, 13, 51, 'مرتجع عميل', 10, 805, '0.0', '10.0', '2020-10-19', '2020-10-19 18:57:36'),
(28, 30, 51, 'مرتجع عميل', 10, 981, '0.0', '10.0', '2020-10-19', '2020-10-19 18:57:37'),
(29, 13, 52, 'مرتجع عميل', 10, 805, '0.0', '10.0', '2020-10-19', '2020-10-19 19:03:49'),
(30, 21, 52, 'مرتجع عميل', 5, 186, '0.0', '10.0', '2020-10-19', '2020-10-19 19:03:50'),
(31, 13, 55, 'مرتجع عميل', 10, 805, '0.0', '5.0', '2020-10-19', '2020-10-19 19:13:47'),
(32, 13, 56, 'مرتجع مورد', 10, 825, '0.0', '10.0', '2020-10-19', '2020-10-19 19:33:26'),
(33, 13, 57, 'مرتجع مورد', 10, 835, '10.0', '0.0', '2020-10-19', '2020-10-19 19:41:45'),
(34, 13, 58, 'مرتجع مورد', 10, 865, '10.0', '0.0', '2020-10-19', '2020-10-19 19:46:57'),
(35, 14, 58, 'مرتجع مورد', 10, 61, '10.0', '0.0', '2020-10-19', '2020-10-19 19:46:57'),
(36, 15, 58, 'مرتجع مورد', 5, 80, '5.0', '0.0', '2020-10-19', '2020-10-19 19:46:57'),
(37, 13, 60, 'مرتجع مورد', 10, 875, '10.0', '0.0', '2020-10-20', '2020-10-20 00:07:51');
--
-- end table insert : item_moves
--

/*!40000 ALTER TABLE `item_moves` ENABLE KEYS */;


--
-- start  table dump : pay
--

CREATE TABLE IF NOT EXISTS `pay` (
  `id` int(11) NOT NULL AUTO_INCREMENT,
  `amount` int(7) NOT NULL,
  `balance_now` float NOT NULL,
  `company_id` int(11) NOT NULL,
  `date` date NOT NULL,
  `time_stamp` timestamp NOT NULL DEFAULT current_timestamp(),
  PRIMARY KEY (`id`),
  KEY `company_id` (`company_id`),
  CONSTRAINT `pay_ibfk_1` FOREIGN KEY (`company_id`) REFERENCES `company` (`id`) ON UPDATE CASCADE
) ENGINE=InnoDB AUTO_INCREMENT=57 DEFAULT CHARSET=utf8mb4 COLLATE=utf8mb4_bin;



--
-- end  table dump : pay
--


--
-- Inserts of pay
--


/*!40000 ALTER TABLE `pay` DISABLE KEYS */;

--
-- start table insert : pay
--
INSERT INTO `pay`(`id`, `amount`, `balance_now`, `company_id`, `date`, `time_stamp`) VALUES 
(1, 100, '0.0', 1, '2020-09-25', '2020-09-30 19:08:52'),
(2, 100, '0.0', 1, '2020-09-25', '2020-09-30 19:08:52'),
(3, 100, '0.0', 1, '2020-09-25', '2020-09-30 19:08:52'),
(4, 150, '0.0', 1, '2020-09-25', '2020-09-30 19:08:52'),
(5, 50, '0.0', 1, '2020-09-25', '2020-09-30 19:08:52'),
(6, 100, '0.0', 1, '2020-09-25', '2020-09-30 19:08:52'),
(7, 100, '0.0', 1, '2020-09-26', '2020-09-30 19:08:52'),
(8, 100, '0.0', 1, '2020-09-26', '2020-09-30 19:08:52'),
(9, 100, '0.0', 1, '2020-09-27', '2020-09-30 19:08:52'),
(10, 50, '0.0', 1, '2020-09-29', '2020-09-30 19:08:52'),
(11, 1, '0.0', 1, '2020-09-29', '2020-09-30 19:08:52'),
(12, 50, '0.0', 1, '2020-09-30', '2020-09-30 19:08:52'),
(13, 50, '0.0', 1, '2020-09-30', '2020-09-30 19:08:52'),
(14, 5, '0.0', 1, '2020-09-30', '2020-09-30 19:08:52'),
(15, 50, '0.0', 2, '2020-09-30', '2020-09-30 19:08:52'),
(16, 8, '0.0', 1, '2020-09-30', '2020-09-30 19:08:52'),
(17, 1000, '5000.0', 1, '2020-09-30', '2020-09-30 19:08:52'),
(18, 500, '4000.0', 1, '2020-09-30', '2020-09-30 19:08:52'),
(19, 520, '3520.0', 1, '2020-09-30', '2020-09-30 19:08:52'),
(20, 520, '2480.0', 1, '2020-09-30', '2020-09-30 19:08:52'),
(21, 480, '2000.0', 1, '2020-09-30', '2020-09-30 19:08:52'),
(22, 570, '1430.0', 1, '2020-09-30', '2020-09-30 19:08:52'),
(23, 500, '930.0', 1, '2020-09-30', '2020-09-30 19:08:52'),
(24, 500, '430.0', 1, '2020-09-30', '2020-09-30 19:08:52'),
(25, 30, '400.0', 1, '2020-09-30', '2020-09-30 19:09:15'),
(26, 120, '400.0', 1, '2020-09-30', '2020-09-30 23:53:28'),
(27, 480, '3000.0', 1, '2020-10-03', '2020-10-03 16:42:14'),
(28, 524, '2546.0', 1, '2020-10-04', '2020-10-04 15:27:25'),
(29, 147, '3000.0', 1, '2020-10-04', '2020-10-04 17:48:49'),
(30, 250, '3000.0', 1, '2020-10-05', '2020-10-05 13:51:33'),
(31, 454, '2546.0', 1, '2020-10-05', '2020-10-05 13:52:00'),
(32, 631, '2000.0', 1, '2020-10-05', '2020-10-05 17:17:37'),
(33, 742, '2000.0', 1, '2020-10-06', '2020-10-06 19:29:43'),
(34, 10, '1990.0', 1, '2020-10-06', '2020-10-06 19:30:20'),
(35, 100, '1740.0', 1, '2020-10-06', '2020-10-06 21:34:56'),
(36, 100, '1640.0', 1, '2020-10-06', '2020-10-06 21:35:12'),
(37, 100, '1540.0', 1, '2020-10-06', '2020-10-06 21:35:16'),
(38, 100, '1440.0', 1, '2020-10-06', '2020-10-06 21:35:34'),
(39, 100, '1340.0', 1, '2020-10-06', '2020-10-06 21:35:44'),
(40, 100, '1240.0', 1, '2020-10-06', '2020-10-06 21:35:47'),
(41, 10, '190.0', 2, '2020-10-07', '2020-10-07 19:05:17'),
(53, -8, '3016.0', 1, '2020-10-17', '2020-10-17 13:00:10'),
(55, 100, '1326.0', 1, '2020-10-20', '2020-10-20 17:22:11'),
(56, 200, '1126.0', 1, '2020-10-20', '2020-10-20 17:22:14');
--
-- end table insert : pay
--

/*!40000 ALTER TABLE `pay` ENABLE KEYS */;


--
-- start  table dump : spend
--

CREATE TABLE IF NOT EXISTS `spend` (
  `id` int(3) NOT NULL AUTO_INCREMENT,
  `amount` int(5) NOT NULL,
  `note` varchar(64) COLLATE utf8_bin DEFAULT '--',
  `date` date NOT NULL,
  PRIMARY KEY (`id`)
) ENGINE=InnoDB AUTO_INCREMENT=53 DEFAULT CHARSET=utf8 COLLATE=utf8_bin;



--
-- end  table dump : spend
--


--
-- Inserts of spend
--


/*!40000 ALTER TABLE `spend` DISABLE KEYS */;

--
-- start table insert : spend
--
INSERT INTO `spend`(`id`, `amount`, `note`, `date`) VALUES 
(5, 10, 'شراء ادوات سباكة', '2020-09-28'),
(23, 100, 'جهاز واي فاي', '2020-09-29'),
(27, 225, 'عدد 4 رزمة ورق', '2020-09-30'),
(30, 200, '2 انتنه', '2020-10-03'),
(31, 65, 'ساعة حائط', '2020-10-04'),
(32, 30, 'اهو رخامة', '2020-10-04'),
(35, 100, 'جهاز واي فاي', '2020-10-05'),
(47, 10, 'اهو رخامة', '2020-10-07'),
(52, 100, 'ضيافة', '2020-10-19');
--
-- end table insert : spend
--

/*!40000 ALTER TABLE `spend` ENABLE KEYS */;


--
-- start  table dump : temp_bill_item
--

CREATE TABLE IF NOT EXISTS `temp_bill_item` (
  `id` int(6) NOT NULL AUTO_INCREMENT,
  `item_id` int(6) NOT NULL,
  `bill_id` int(6) NOT NULL,
  `bill_type` varchar(32) NOT NULL,
  `quantity` int(4) NOT NULL,
  `price` float NOT NULL,
  `buy_price` float NOT NULL,
  PRIMARY KEY (`id`)
) ENGINE=InnoDB AUTO_INCREMENT=580 DEFAULT CHARSET=utf8mb4;



--
-- end  table dump : temp_bill_item
--



--
-- start  table dump : user
--

CREATE TABLE IF NOT EXISTS `user` (
  `id` int(2) NOT NULL AUTO_INCREMENT,
  `name` varchar(64) COLLATE utf8mb4_bin NOT NULL,
  `password` varchar(32) COLLATE utf8mb4_bin NOT NULL,
  `type` varchar(32) COLLATE utf8mb4_bin NOT NULL,
  PRIMARY KEY (`id`),
  UNIQUE KEY `name` (`name`)
) ENGINE=InnoDB AUTO_INCREMENT=3 DEFAULT CHARSET=utf8mb4 COLLATE=utf8mb4_bin;



--
-- end  table dump : user
--


--
-- Inserts of user
--


/*!40000 ALTER TABLE `user` DISABLE KEYS */;

--
-- start table insert : user
--
INSERT INTO `user`(`id`, `name`, `password`, `type`) VALUES 
(1, 'احمد', '1234', ''),
(2, 'بورسعيدي', '1234', '');
--
-- end table insert : user
--

/*!40000 ALTER TABLE `user` ENABLE KEYS */;

/*!40101 SET SQL_MODE=IFNULL(@OLD_SQL_MODE, '') */;
/*!40014 SET FOREIGN_KEY_CHECKS=IF(@OLD_FOREIGN_KEY_CHECKS IS NULL, 1, @OLD_FOREIGN_KEY_CHECKS) */;
/*!40101 SET CHARACTER_SET_CLIENT=@OLD_CHARACTER_SET_CLIENT */;